"Status","Start Time","Stop Time","Duration in ms","Parent Suite","Suite","Sub Suite","Test Class","Test Method","Name","Description"
"broken","Sun Apr 21 17:37:00 BDT 2024","Sun Apr 21 17:37:15 BDT 2024","14973","","Example 7 & 8","","","","TCE701",""
"passed","Sun Apr 21 17:39:09 BDT 2024","Sun Apr 21 17:39:17 BDT 2024","8297","","Example 7 & 8","","","","TCE802",""
"passed","Sun Apr 21 17:38:33 BDT 2024","Sun Apr 21 17:38:41 BDT 2024","7691","","Example 7 & 8","","","","TCE706",""
"passed","Sun Apr 21 17:46:56 BDT 2024","Sun Apr 21 17:47:07 BDT 2024","10888","","","","","","TCE506",""
"passed","Sun Apr 21 17:47:49 BDT 2024","Sun Apr 21 17:47:50 BDT 2024","1672","","","","","","TCE512",""
"passed","Sun Apr 21 17:37:29 BDT 2024","Sun Apr 21 17:38:27 BDT 2024","57908","","Example 7 & 8","","","","TCE704",""
"passed","Sun Apr 21 17:38:41 BDT 2024","Sun Apr 21 17:38:47 BDT 2024","6667","","Example 7 & 8","","","","TCE707",""
"passed","Sun Apr 21 17:39:32 BDT 2024","Sun Apr 21 17:39:37 BDT 2024","5004","","Example 7 & 8","","","","TCE805",""
"passed","Sun Apr 21 17:47:23 BDT 2024","Sun Apr 21 17:47:24 BDT 2024","634","","","","","","TCE509",""
"passed","Sun Apr 21 17:39:27 BDT 2024","Sun Apr 21 17:39:32 BDT 2024","5646","","Example 7 & 8","","","","TCE804",""
"failed","Sun Apr 21 17:48:01 BDT 2024","Sun Apr 21 17:48:15 BDT 2024","14622","","","","","","TCE602",""
"passed","Sun Apr 21 17:37:15 BDT 2024","Sun Apr 21 17:37:22 BDT 2024","7470","","Example 7 & 8","","","","TCE702",""
"passed","Sun Apr 21 17:39:17 BDT 2024","Sun Apr 21 17:39:27 BDT 2024","9738","","Example 7 & 8","","","","TCE803",""
"passed","Sun Apr 21 17:39:47 BDT 2024","Sun Apr 21 17:39:57 BDT 2024","9586","","Example 7 & 8","","","","TCE807",""
"failed","Sun Apr 21 17:47:07 BDT 2024","Sun Apr 21 17:47:19 BDT 2024","11752","","","","","","TCE507",""
"passed","Sun Apr 21 17:37:22 BDT 2024","Sun Apr 21 17:37:29 BDT 2024","6789","","Example 7 & 8","","","","TCE703",""
"passed","Sun Apr 21 17:46:42 BDT 2024","Sun Apr 21 17:46:49 BDT 2024","6999","","","","","","TCE504",""
"passed","Sun Apr 21 17:46:18 BDT 2024","Sun Apr 21 17:46:34 BDT 2024","16880","","","","","","TCE502",""
"passed","Sun Apr 21 17:46:49 BDT 2024","Sun Apr 21 17:46:56 BDT 2024","7128","","","","","","TCE505",""
"passed","Sun Apr 21 17:45:20 BDT 2024","Sun Apr 21 17:46:18 BDT 2024","58034","","","","","","TCE501",""
"passed","Sun Apr 21 17:38:47 BDT 2024","Sun Apr 21 17:38:56 BDT 2024","8406","","Example 7 & 8","","","","TCE708",""
"passed","Sun Apr 21 17:39:37 BDT 2024","Sun Apr 21 17:39:47 BDT 2024","9707","","Example 7 & 8","","","","TCE806",""
"passed","Wed Apr 17 16:20:58 BDT 2024","Wed Apr 17 16:21:09 BDT 2024","11515","","Example 7 & 8","","","","TCE807",""
"passed","Sun Apr 21 17:46:34 BDT 2024","Sun Apr 21 17:46:42 BDT 2024","7467","","","","","","TCE503",""
"passed","Sun Apr 21 17:48:23 BDT 2024","Sun Apr 21 17:48:30 BDT 2024","7005","","","","","","TCE604",""
"passed","Sun Apr 21 17:38:56 BDT 2024","Sun Apr 21 17:39:09 BDT 2024","12844","","Example 7 & 8","","","","TCE801",""
"failed","Sun Apr 21 17:47:36 BDT 2024","Sun Apr 21 17:47:49 BDT 2024","12942","","","","","","TCE511",""
"passed","Sun Apr 21 17:38:27 BDT 2024","Sun Apr 21 17:38:33 BDT 2024","6285","","Example 7 & 8","","","","TCE705",""
"passed","Sun Apr 21 17:48:15 BDT 2024","Sun Apr 21 17:48:23 BDT 2024","7436","","","","","","TCE603",""
"failed","Sun Apr 21 17:47:24 BDT 2024","Sun Apr 21 17:47:36 BDT 2024","11586","","","","","","TCE510",""
"passed","Sun Apr 21 17:47:50 BDT 2024","Sun Apr 21 17:48:01 BDT 2024","10310","","","","","","TCE601",""
